gene	chr	start	end	strand	SpliceID	dPSI_Skip	dPSI_Incl
CLK1	chr2	200860125	200860215	-	CLK1_200860125-200860215	0.421571428571429	-0.241925925925926
ASXL1	chr20	32429901	32430053	+	ASXL1_32429901-32430053	0.444181818181818	-0.23
CHRD	chr3	184387374	184387477	+	CHRD_184387374-184387477	0.3425	-0.306115384615385
ATRX	chrX	77693824	77693937	-	ATRX_77693824-77693937	0.2805	-0.405375
YAP1	chr11	102209517	102209564	+	YAP1_102209517-102209564	0.334	-0.4965
