pathway	treat_score	ctrl_score	score_diff	wilcox_stat	pvalue
DNA Repair all genes	-0.220035483172651	0.16876019595674743	-0.38879567912939844	0	0.1
Homologous Recombination	-0.4325604332518953	0.4512472060991633	-0.8838076393510585	0	0.1
Mismatch Repair	0.6827840909090902	-0.5645083487940683	1.2472924397031586	9	0.1
Nucleotide Excision Repair	-0.4434877571219655	0.2604523235105154	-0.7039400806324809	1	0.2
Non-homologous End Joining	-0.5261648270090233	0.3721212121212108	-0.8982860391302341	0	0.1
