pathway	treat_score	ctrl_score	score_diff	wilcox_stat	pvalue
DNA Repair all genes	-0.13628140292716504	0.09230923803974413	-0.22859064096690918	2	0.4
Homologous Recombination	-0.17164079777714253	0.1064514059329685	-0.278092203710111	1	0.2
Mismatch Repair	-0.2830371006412716	0.0868721293755521	-0.3699092300168237	1	0.2
Base Excision Repair	-0.2901391583453309	0.17899184227453138	-0.46913100061986224	1	0.2
Nucleotide Excision Repair	-0.12970999333662497	0.10329268677139458	-0.23300268010801956	2	0.4
Non-homologous End Joining	0.32782992018410523	-0.2678168613852242	0.5956467815693294	9	0.1
