pathway	treat_score	ctrl_score	score_diff	wilcox_stat	pvalue
DNA Repair all genes	-0.1039620069471465	0.05866496453598519	-0.16262697148313168	2	0.4
Homologous Recombination	-0.15957561973012077	0.1100686215473993	-0.26964424127752007	0	0.1
Mismatch Repair	-0.18886558852262403	0.11132590802573598	-0.30019149654836	2	0.4
Base Excision Repair	-0.24549239583132992	0.17927272640701206	-0.42476512223834195	1	0.2
Nucleotide Excision Repair	-0.29162541450926743	0.2732250917942554	-0.5648505063035228	0	0.1
Non-homologous End Joining	0.32666483840769345	-0.3007647905703197	0.6274296289780131	9	0.1
