pathway	treat_score	ctrl_score	score_diff	wilcox_stat	pvalue
DNA Repair all genes	-0.23103978058171012	0.14540604834942833	-0.3764458289311384	1	0.2
Homologous Recombination	-0.21789005302506764	0.20762983268930688	-0.4255198857143745	1	0.2
Mismatch Repair	0.5174603746670869	-0.40963172891854077	0.9270921035856277	9	0.1
Base Excision Repair	-0.20550178405994363	-0.043607905409696855	-0.16189387865024676	4	1
Nucleotide Excision Repair	-0.3649348921289562	0.3975098211471061	-0.7624447132760623	0	0.1
Non-homologous End Joining	-0.4508788903401653	0.43212449454471347	-0.8830033848848788	0	0.1
