pathway	treat_score	ctrl_score	score_diff	wilcox_stat	pvalue
DNA Repair all genes	-0.23125917398427862	0.1463229174352777	-0.37758209141955634	1	0.2
Homologous Recombination	-0.21684534669715308	0.20798783649515573	-0.4248331831923088	1	0.2
Mismatch Repair	0.515002750950794	-0.4079250008773531	0.9229277518281471	9	0.1
Base Excision Repair	-0.2029902275950148	-0.04521126648070767	-0.15777896111430714	4	1
Nucleotide Excision Repair	-0.36449817041854293	0.39904884170954735	-0.7635470121280903	0	0.1
Non-homologous End Joining	-0.44931165571355597	0.43029379747848223	-0.8796054531920382	0	0.1
