pathway	treat_score	ctrl_score	score_diff	wilcox_stat	pvalue
DNA Repair all genes	-0.1833382143309047	0.10408143512752117	-0.28741964945842585	1	0.2
Homologous Recombination	-0.17906636834901069	0.1731469179993658	-0.35221328634837645	2	0.4
Mismatch Repair	0.5168890671865143	-0.4044071629588192	0.9212962301453335	9	0.1
Nucleotide Excision Repair	-0.3823777499833082	0.38779422140501507	-0.7701719713883233	0	0.1
Non-homologous End Joining	-0.5078934074261143	0.33021806853582825	-0.8381114759619426	0	0.1
