pathway	treat_score	ctrl_score	score_diff	wilcox_stat	pvalue
DNA Repair all genes	-0.1814454639976422	0.09740484383297209	-0.27885030783061426	2	0.4
Homologous Recombination	-0.1746197864595922	0.17789494092922406	-0.3525147273888163	2	0.4
Mismatch Repair	0.5227060375040475	-0.41013953091732197	0.9328455684213695	9	0.1
Nucleotide Excision Repair	-0.37617351937720356	0.3921734781608414	-0.768346997538045	0	0.1
Non-homologous End Joining	-0.5150418035234348	0.33925549915397585	-0.8542973026774106	0	0.1
