pathway	treat_score	ctrl_score	score_diff	wilcox_stat	pvalue
DNA Repair all genes	-0.220912552875601	0.1503162015496663	-0.37122875442526726	0	0.1
Homologous Recombination	-0.42171108910390176	0.44310935087506903	-0.8648204399789707	0	0.1
Mismatch Repair	0.6819310344827584	-0.5725800376647845	1.254511072147543	9	0.1
Nucleotide Excision Repair	-0.4457792845474442	0.2776287125099848	-0.723407997057429	1	0.2
Non-homologous End Joining	-0.5175952380952393	0.37466666666666615	-0.8922619047619055	0	0.1
