pathway	treat_score	ctrl_score	score_diff	wilcox_stat	pvalue
DNA Repair all genes	-0.30354716498650613	0.19227246718289204	-0.4958196321693982	1	0.2
Homologous Recombination	-0.3189307798486439	0.21598264270324138	-0.5349134225518852	1	0.2
Mismatch Repair	-0.35202002869184174	0.22729169988003112	-0.5793117285718729	0	0.1
Base Excision Repair	-0.3681485649637723	0.27513223724842717	-0.6432808022121994	1	0.2
Nucleotide Excision Repair	-0.2792784993799165	0.24434829350098675	-0.5236267928809033	1	0.2
Non-homologous End Joining	-0.009218979571733824	-0.02786290914602362	0.018643929574289793	4	1
