pathway	pval	padj	direction	genes
KEGG_CELL_CYCLE	5.419343494095925e-6	6.123858148328396e-4	down	CCNB2,BUB1B,ESPL1,BUB1,TTK,E2F2,ORC1
KEGG_LONG_TERM_DEPRESSION	6.275300580084917e-4	0.01772772413873989	up	GRM5,GRIA3,PLA2G2A,PPP1R17
KEGG_OOCYTE_MEIOSIS	5.80813186894923e-4	0.01772772413873989	down	CCNB2,ESPL1,BUB1,SGO1
KEGG_P53_SIGNALING_PATHWAY	5.577192232012879e-4	0.01772772413873989	down	RRM2,CCNB2,GTSE1
