pathway	pval	padj	direction	genes
KEGG_CELL_CYCLE	3.254824481557681e-5	0.0040034341123159475	up	CCNB2,E2F2,BUB1B,ESPL1,BUB1,TTK,ORC1
KEGG_OOCYTE_MEIOSIS	2.916048349167823e-4	0.01793369734738211	up	CCNB2,ESPL1,BUB1,SGO1
KEGG_LONG_TERM_DEPRESSION	7.343994912494644e-4	0.028524261779335702	down	GRIA3,PLA2G2A,GRM5
KEGG_P53_SIGNALING_PATHWAY	9.276182692466895e-4	0.028524261779335702	up	RRM2,CCNB2,GTSE1
