pathway	pval	padj	direction	genes
KEGG_CELL_CYCLE	1.3793760529720198e-5	0.0017518075872744651	up	CCNB2,E2F2,BUB1B,ESPL1,BUB1,TTK,CDK1,ORC1
KEGG_OOCYTE_MEIOSIS	2.4232066831470376e-4	0.01538736243798369	up	CCNB2,ESPL1,BUB1,SGO1,CDK1
KEGG_LONG_TERM_DEPRESSION	9.151601278914617e-4	0.03874177874740521	down	GRIA3,PLA2G2A,GRM5
KEGG_COMPLEMENT_AND_COAGULATION_CASCADES	0.0018597355125528241	0.04723728201884173	down	CFI,MASP1
KEGG_P53_SIGNALING_PATHWAY	0.001617281454938439	0.04723728201884173	up	RRM2,CCNB2,GTSE1,CDK1
