pathway	pval	padj	direction	genes
KEGG_CELL_CYCLE	1.1381999613979347e-6	1.343075954449563e-4	down	CCNB2,BUB1B,ESPL1,CDK1,BUB1,TTK,E2F2,ORC1
KEGG_OOCYTE_MEIOSIS	5.268800344599629e-5	0.0020723948022091875	down	CCNB2,ESPL1,CDK1,BUB1,SGO1
KEGG_P53_SIGNALING_PATHWAY	5.085207937280256e-5	0.0020723948022091875	down	RRM2,CCNB2,CDK1,GTSE1
KEGG_PROGESTERONE_MEDIATED_OOCYTE_MATURATION	6.725938534545987e-4	0.019841518676910662	down	CCNB2,CDK1,BUB1
KEGG_LONG_TERM_DEPRESSION	0.001054081587532815	0.024876325465774438	up	GRM5,GRIA3,PLA2G2A,PPP1R17
