pathway	pval	padj	direction	genes
KEGG_CELL_CYCLE	4.6680368859467807e-7	5.881726476292944e-5	down	CCNB2,ESPL1,BUB1B,BUB1,E2F2,TTK,ORC1
KEGG_OOCYTE_MEIOSIS	1.4863908806024377e-4	0.009364262547795358	down	CCNB2,ESPL1,BUB1,SGO1
KEGG_P53_SIGNALING_PATHWAY	5.164844724416652e-4	0.02169234784254994	down	RRM2,CCNB2,GTSE1
KEGG_LONG_TERM_DEPRESSION	0.0015074338760772197	0.047484167096432425	up	GRM5,GRIA3,PLA2G2A,PPP1R17
