pathway	pval	padj	direction	genes
KEGG_CELL_CYCLE	4.025916196156321e-4	0.04186952844002574	up	CDK1,BUB1B,CCNB2,BUB1,ESPL1,TTK
KEGG_OOCYTE_MEIOSIS	0.0017698940059956252	0.046017244155886254	up	CDK1,CCNB2,BUB1,ESPL1
KEGG_P53_SIGNALING_PATHWAY	9.577367466337669e-4	0.046017244155886254	up	CDK1,CCNB2,RRM2
KEGG_TGF_BETA_SIGNALING_PATHWAY	0.0015752307088181124	0.046017244155886254	up	BMP5,PITX2
