pathway	pval	padj	direction	genes
KEGG_CELL_CYCLE	1.4987799457953527e-6	1.9184383306180514e-4	up	ESPL1,BUB1,BUB1B,CCNB2,TTK,E2F2,ORC1
KEGG_P53_SIGNALING_PATHWAY	8.588008755359984e-5	0.00549632560343039	up	RRM2,GTSE1,CCNB2
KEGG_OOCYTE_MEIOSIS	6.448409612702598e-4	0.027513214347531085	up	ESPL1,BUB1,CCNB2,SGO1
