Control	1uM	5uM	10uM	Splice junction
1	0.864969554	0.060832273	0.021392737	Ex3-Ex4
1	0.651449814	0.731100739	2.111298731	Ex3-Ex5
1	0.726859542	1.410418821	2.717351091	Ex3-Ex5
